Method,Job,AnalyzeLaunchVariance,EvaluateOverhead,MaxAbsoluteError,MaxRelativeError,MinInvokeCount,MinIterationTime,OutlierMode,Affinity,EnvironmentVariables,Jit,LargeAddressAware,Platform,PowerPlanMode,Runtime,AllowVeryLargeObjects,Concurrent,CpuGroups,Force,HeapAffinitizeMask,HeapCount,NoAffinitize,RetainVm,Server,Arguments,BuildConfiguration,Clock,EngineFactory,NuGetReferences,Toolchain,IsMutator,InvocationCount,IterationCount,IterationTime,LaunchCount,MaxIterationCount,MaxWarmupIterationCount,MemoryRandomization,MinIterationCount,MinWarmupIterationCount,RunStrategy,UnrollFactor,WarmupCount,ColumnCount,Mean,Error,StdDev,Ratio,RatioSD,Gen0,Gen1,Allocated,Alloc Ratio
'Normalize + redact + hash',ShortRun,False,Default,Default,Default,Default,Default,Default,1111111111,Empty,RyuJit,Default,X64,8c5e7fda-e8bf-4a96-9a85-a6e23a8c635c,.NET 10.0,False,True,False,True,Default,Default,False,False,False,Default,Default,Default,Default,Default,Default,Default,Default,3,Default,1,Default,Default,Default,Default,Default,Default,16,3,3,583.9 ns,736.91 ns,40.39 ns,1.00,0.09,0.1936,0.0000,2032 B,1.00
'Normalize only',ShortRun,False,Default,Default,Default,Default,Default,Default,1111111111,Empty,RyuJit,Default,X64,8c5e7fda-e8bf-4a96-9a85-a6e23a8c635c,.NET 10.0,False,True,False,True,Default,Default,False,False,False,Default,Default,Default,Default,Default,Default,Default,Default,3,Default,1,Default,Default,Default,Default,Default,Default,16,3,3,161.9 ns,14.09 ns,0.77 ns,0.28,0.02,0.0603,0.0000,632 B,0.31
'Redact only',ShortRun,False,Default,Default,Default,Default,Default,Default,1111111111,Empty,RyuJit,Default,X64,8c5e7fda-e8bf-4a96-9a85-a6e23a8c635c,.NET 10.0,False,True,False,True,Default,Default,False,False,False,Default,Default,Default,Default,Default,Default,Default,Default,3,Default,1,Default,Default,Default,Default,Default,Default,16,3,3,164.6 ns,36.45 ns,2.00 ns,0.28,0.02,0.0618,0.0000,648 B,0.32
'Normalize + redact + hash',ShortRun,False,Default,Default,Default,Default,Default,Default,1111111111,Empty,RyuJit,Default,X64,8c5e7fda-e8bf-4a96-9a85-a6e23a8c635c,.NET 10.0,False,True,False,True,Default,Default,False,False,False,Default,Default,Default,Default,Default,Default,Default,Default,3,Default,1,Default,Default,Default,Default,Default,Default,16,3,20,"1,137.9 ns",75.74 ns,4.15 ns,1.00,0.00,0.4730,0.0000,4952 B,1.00
'Normalize only',ShortRun,False,Default,Default,Default,Default,Default,Default,1111111111,Empty,RyuJit,Default,X64,8c5e7fda-e8bf-4a96-9a85-a6e23a8c635c,.NET 10.0,False,True,False,True,Default,Default,False,False,False,Default,Default,Default,Default,Default,Default,Default,Default,3,Default,1,Default,Default,Default,Default,Default,Default,16,3,20,486.0 ns,187.97 ns,10.30 ns,0.43,0.01,0.1621,0.0005,1696 B,0.34
'Redact only',ShortRun,False,Default,Default,Default,Default,Default,Default,1111111111,Empty,RyuJit,Default,X64,8c5e7fda-e8bf-4a96-9a85-a6e23a8c635c,.NET 10.0,False,True,False,True,Default,Default,False,False,False,Default,Default,Default,Default,Default,Default,Default,Default,3,Default,1,Default,Default,Default,Default,Default,Default,16,3,20,481.7 ns,811.72 ns,44.49 ns,0.42,0.03,0.1636,0.0005,1712 B,0.35
'Normalize + redact + hash',ShortRun,False,Default,Default,Default,Default,Default,Default,1111111111,Empty,RyuJit,Default,X64,8c5e7fda-e8bf-4a96-9a85-a6e23a8c635c,.NET 10.0,False,True,False,True,Default,Default,False,False,False,Default,Default,Default,Default,Default,Default,Default,Default,3,Default,1,Default,Default,Default,Default,Default,Default,16,3,200,"7,199.0 ns","3,414.43 ns",187.16 ns,1.00,0.03,3.6087,0.0916,37736 B,1.00
'Normalize only',ShortRun,False,Default,Default,Default,Default,Default,Default,1111111111,Empty,RyuJit,Default,X64,8c5e7fda-e8bf-4a96-9a85-a6e23a8c635c,.NET 10.0,False,True,False,True,Default,Default,False,False,False,Default,Default,Default,Default,Default,Default,Default,Default,3,Default,1,Default,Default,Default,Default,Default,Default,16,3,200,"3,189.3 ns","6,154.68 ns",337.36 ns,0.44,0.04,1.2970,0.0305,13616 B,0.36
'Redact only',ShortRun,False,Default,Default,Default,Default,Default,Default,1111111111,Empty,RyuJit,Default,X64,8c5e7fda-e8bf-4a96-9a85-a6e23a8c635c,.NET 10.0,False,True,False,True,Default,Default,False,False,False,Default,Default,Default,Default,Default,Default,Default,Default,3,Default,1,Default,Default,Default,Default,Default,Default,16,3,200,"3,458.8 ns","5,085.50 ns",278.75 ns,0.48,0.04,1.3008,0.0305,13632 B,0.36
