Method,Job,AnalyzeLaunchVariance,EvaluateOverhead,MaxAbsoluteError,MaxRelativeError,MinInvokeCount,MinIterationTime,OutlierMode,Affinity,EnvironmentVariables,Jit,LargeAddressAware,Platform,PowerPlanMode,Runtime,AllowVeryLargeObjects,Concurrent,CpuGroups,Force,HeapAffinitizeMask,HeapCount,NoAffinitize,RetainVm,Server,Arguments,BuildConfiguration,Clock,EngineFactory,NuGetReferences,Toolchain,IsMutator,InvocationCount,IterationCount,IterationTime,LaunchCount,MaxIterationCount,MaxWarmupIterationCount,MemoryRandomization,MinIterationCount,MinWarmupIterationCount,RunStrategy,UnrollFactor,WarmupCount,CommandCount,Mean,Error,StdDev,Ratio,RatioSD,Gen0,Gen1,Allocated,Alloc Ratio
'No active scope',ShortRun,False,Default,Default,Default,Default,Default,Default,1111111111,Empty,RyuJit,Default,X64,8c5e7fda-e8bf-4a96-9a85-a6e23a8c635c,.NET 10.0,False,True,False,True,Default,Default,False,False,False,Default,Default,Default,Default,Default,Default,Default,Default,3,Default,1,Default,Default,Default,Default,Default,Default,16,3,1,1.112 ns,0.3552 ns,0.0195 ns,1.00,0.02,0.0000,0.0000,0 B,NA
'Record into an open scope',ShortRun,False,Default,Default,Default,Default,Default,Default,1111111111,Empty,RyuJit,Default,X64,8c5e7fda-e8bf-4a96-9a85-a6e23a8c635c,.NET 10.0,False,True,False,True,Default,Default,False,False,False,Default,Default,Default,Default,Default,Default,Default,Default,3,Default,1,Default,Default,Default,Default,Default,Default,16,3,1,271.432 ns,23.0803 ns,1.2651 ns,244.09,3.84,0.1178,0.0000,1232 B,NA
'Record + analyze',ShortRun,False,Default,Default,Default,Default,Default,Default,1111111111,Empty,RyuJit,Default,X64,8c5e7fda-e8bf-4a96-9a85-a6e23a8c635c,.NET 10.0,False,True,False,True,Default,Default,False,False,False,Default,Default,Default,Default,Default,Default,Default,Default,3,Default,1,Default,Default,Default,Default,Default,Default,16,3,1,375.227 ns,53.6967 ns,2.9433 ns,337.43,5.62,0.1988,0.0005,2080 B,NA
'No active scope',ShortRun,False,Default,Default,Default,Default,Default,Default,1111111111,Empty,RyuJit,Default,X64,8c5e7fda-e8bf-4a96-9a85-a6e23a8c635c,.NET 10.0,False,True,False,True,Default,Default,False,False,False,Default,Default,Default,Default,Default,Default,Default,Default,3,Default,1,Default,Default,Default,Default,Default,Default,16,3,10,7.351 ns,0.4556 ns,0.0250 ns,1.00,0.00,0.0000,0.0000,0 B,NA
'Record into an open scope',ShortRun,False,Default,Default,Default,Default,Default,Default,1111111111,Empty,RyuJit,Default,X64,8c5e7fda-e8bf-4a96-9a85-a6e23a8c635c,.NET 10.0,False,True,False,True,Default,Default,False,False,False,Default,Default,Default,Default,Default,Default,Default,Default,3,Default,1,Default,Default,Default,Default,Default,Default,16,3,10,769.669 ns,178.2487 ns,9.7704 ns,104.70,1.19,0.2298,0.0010,2408 B,NA
'Record + analyze',ShortRun,False,Default,Default,Default,Default,Default,Default,1111111111,Empty,RyuJit,Default,X64,8c5e7fda-e8bf-4a96-9a85-a6e23a8c635c,.NET 10.0,False,True,False,True,Default,Default,False,False,False,Default,Default,Default,Default,Default,Default,Default,Default,3,Default,1,Default,Default,Default,Default,Default,Default,16,3,10,"1,359.157 ns",752.1130 ns,41.2258 ns,184.89,4.89,0.4292,0.0019,4488 B,NA
'No active scope',ShortRun,False,Default,Default,Default,Default,Default,Default,1111111111,Empty,RyuJit,Default,X64,8c5e7fda-e8bf-4a96-9a85-a6e23a8c635c,.NET 10.0,False,True,False,True,Default,Default,False,False,False,Default,Default,Default,Default,Default,Default,Default,Default,3,Default,1,Default,Default,Default,Default,Default,Default,16,3,100,91.811 ns,234.7280 ns,12.8662 ns,1.01,0.18,0.0000,0.0000,0 B,NA
'Record into an open scope',ShortRun,False,Default,Default,Default,Default,Default,Default,1111111111,Empty,RyuJit,Default,X64,8c5e7fda-e8bf-4a96-9a85-a6e23a8c635c,.NET 10.0,False,True,False,True,Default,Default,False,False,False,Default,Default,Default,Default,Default,Default,Default,Default,3,Default,1,Default,Default,Default,Default,Default,Default,16,3,100,"5,585.694 ns",924.3116 ns,50.6646 ns,61.72,8.16,1.2970,0.0000,13632 B,NA
'Record + analyze',ShortRun,False,Default,Default,Default,Default,Default,Default,1111111111,Empty,RyuJit,Default,X64,8c5e7fda-e8bf-4a96-9a85-a6e23a8c635c,.NET 10.0,False,True,False,True,Default,Default,False,False,False,Default,Default,Default,Default,Default,Default,Default,Default,3,Default,1,Default,Default,Default,Default,Default,Default,16,3,100,"7,064.487 ns",760.6607 ns,41.6944 ns,78.06,10.31,1.5030,0.0610,15728 B,NA
